"","","","","","beta_1","","","",""
"1","mmds-1","1","100","1","-0.59652223480421","6.08898014088448","-10.177960281769","417.202095017387","204.111615474276"
"2","mmds-1","1","100","2","-0.47875162195437","-0.850643288137492","3.70128657627498","417.202095017387","178.884786407009"
