"","","","","","beta_1","beta_2","alpha_1","","","",""
"1","mmds-2","3","960","2","0.49014670826435","-1.71201611498232","-0.363056411705273","36.3882677482845","-66.776535496569","4411.25038151395","4698.73688721124"
"2","mmds-1","3","960","2","-0.578945419520122",NA,NA,"-30.0333841506449","62.0667683012899","4411.25038151395","1918.55689805554"
"3","cds-hnc","3","960","2",NA,NA,NA,"0.500376091157333","62.0667683012896","4411.25038151395","1918.55689543357"
"4","cds-hrp","3","960","2",NA,NA,NA,"0.637341065264591","112.883366126432","4411.25038151395","1506.25787717203"
